AATCTCGCACCATTTTTCACT	32.3886163576922	57.5161455470697	AATCTCGCACCATTTTTCACT	32.3886163576922	57.5161455470697
TAGAATGATTGAACTTTCATT	353.531473500549	51.6590026899269	AATCTCGCACCATTTTTCACT	32.3886163576922	57.5161455470697
TCAGTGTGTTAATCTTAGAAC	377.102902071978	55.5637645946888	AATCTCGCACCATTTTTCACT	32.3886163576922	57.5161455470697
TCAGTGTGTTAATCTTAGAAC	377.102902071978	55.5637645946888	AATCTCGCACCATTTTTCACT	32.3886163576922	57.5161455470697
TGCAAGATCATAATGTAACTT	228.817187786264	53.6113836423078	AATCTCGCACCATTTTTCACT	32.3886163576922	57.5161455470697
ACCACGTGAACAAATAGATGG	301.674330643407	59.4685264994507	AATCTCGCACCATTTTTCACT	32.3886163576922	57.5161455470697
CGGTGATGCTGCTCTTGTTTT	326.801859832784	61.4209074518316	AATCTCGCACCATTTTTCACT	32.3886163576922	57.5161455470697
CGGTGATGCTGCTCTTGTTTT	326.801859832784	61.4209074518316	AATCTCGCACCATTTTTCACT	32.3886163576922	57.5161455470697
ACAAAAGTTTAAAGGCCTTAC	25.1029020719779	55.5637645946888	ACAAAAGTTTAAAGGCCTTAC	25.1029020719779	55.5637645946888
TTGAGAAGTCTAACATAATAA	145.531473500549	51.6590026899269	ACAAAAGTTTAAAGGCCTTAC	25.1029020719779	55.5637645946888
ACCACGTGAACAAATAGATGG	301.674330643407	59.4685264994507	ACAAAAGTTTAAAGGCCTTAC	25.1029020719779	55.5637645946888
ACCACGTGAACAAATAGATGG	301.674330643407	59.4685264994507	ACAAAAGTTTAAAGGCCTTAC	25.1029020719779	55.5637645946888
ACCACGTGAACAAATAGATGG	301.674330643407	59.4685264994507	ACAAAAGTTTAAAGGCCTTAC	25.1029020719779	55.5637645946888
ACCATGCGAACAAATAGATGG	323.674330643407	59.4685264994507	ACAAAAGTTTAAAGGCCTTAC	25.1029020719779	55.5637645946888
ACCATGCGAACAAATAGATGG	323.674330643407	59.4685264994507	ACAAAAGTTTAAAGGCCTTAC	25.1029020719779	55.5637645946888
AGCAGTAAGGGAACTTCTCCT	205.801859832784	61.4209074518316	ACAAAAGTTTAAAGGCCTTAC	25.1029020719779	55.5637645946888
ACCACGTGAACAAATAGATGG	301.674330643407	59.4685264994507	ACAAAAGTTTAAAGGCCTTAC	25.1029020719779	55.5637645946888
GGTATRAATGGACGTACCATA	215.388616357692	57.5161455470697	ACAAAAGTTTAAAGGCCTTAC	25.1029020719779	55.5637645946888
TCTCTAAATGGACCCCAAAAT	277.388616357692	57.5161455470697	ACAAAAGTTTAAAGGCCTTAC	25.1029020719779	55.5637645946888
TAAATGTCTGATAATGGACCC	305.388616357692	57.5161455470697	ACAAAAGTTTAAAGGCCTTAC	25.1029020719779	55.5637645946888
TCAGTGTGTTAATTTTACAAC	267.817187786264	53.6113836423078	ACAAAAGTTTAAAGGCCTTAC	25.1029020719779	55.5637645946888
TCTCTAAATGGACCCCAAAAT	277.388616357692	57.5161455470697	ACAAAAGTTTAAAGGCCTTAC	25.1029020719779	55.5637645946888
CTAAACGAACAAACTTAAATG	66.8171877862636	53.6113836423078	ACAAAAGTTTAAAGGCCTTAC	25.1029020719779	55.5637645946888
CTAAACGAACAAACTTAAATG	66.8171877862636	53.6113836423078	ACAAAAGTTTAAAGGCCTTAC	25.1029020719779	55.5637645946888
CTAAACGAACAAACTTAAATG	66.8171877862636	53.6113836423078	ACAAAAGTTTAAAGGCCTTAC	25.1029020719779	55.5637645946888
CTAAACGAACAAACTTAAATG	66.8171877862636	53.6113836423078	ACAAAAGTTTAAAGGCCTTAC	25.1029020719779	55.5637645946888
CTAAACGAACAAACTTAAATG	66.8171877862636	53.6113836423078	ACAAAAGTTTAAAGGCCTTAC	25.1029020719779	55.5637645946888
CTAAACGAACAAACTTAAATG	66.8171877862636	53.6113836423078	ACAAAAGTTTAAAGGCCTTAC	25.1029020719779	55.5637645946888
CTAAACGAACAAACTTAAATG	66.8171877862636	53.6113836423078	ACAAAAGTTTAAAGGCCTTAC	25.1029020719779	55.5637645946888
CTAAACGAACAAACTTAAATG	66.8171877862636	53.6113836423078	ACAAAAGTTTAAAGGCCTTAC	25.1029020719779	55.5637645946888
CTAAACGAACAAACTTAAATG	66.8171877862636	53.6113836423078	ACAAAAGTTTAAAGGCCTTAC	25.1029020719779	55.5637645946888
CTAAACGAACAAACTTAAATG	66.8171877862636	53.6113836423078	ACAAAAGTTTAAAGGCCTTAC	25.1029020719779	55.5637645946888
CTAAACGAACAAACTTAAATG	66.8171877862636	53.6113836423078	ACAAAAGTTTAAAGGCCTTAC	25.1029020719779	55.5637645946888
CGAAATGCACTCCGCATTACG	43.754240785165	63.3732884042126	ACAAAAGTTTAAAGGCCTTAC	25.1029020719779	55.5637645946888
CGAAATGCACTCCGCATTACG	43.754240785165	63.3732884042126	ACAAAAGTTTAAAGGCCTTAC	25.1029020719779	55.5637645946888
CTAAACGAACAAACTTAAATG	66.8171877862636	53.6113836423078	ACAAAAGTTTAAAGGCCTTAC	25.1029020719779	55.5637645946888
GTACCTGGCATACCTAAGGAC	21.754240785165	63.3732884042126	GTACCTGGCATACCTAAGGAC	21.754240785165	63.3732884042126
GAAGAGATAGGTACGTTAATA	29.1029020719779	55.5637645946888	GTACCTGGCATACCTAAGGAC	21.754240785165	63.3732884042126
GAAGAGATAGGTACGTTAATA	29.1029020719779	55.5637645946888	GTACCTGGCATACCTAAGGAC	21.754240785165	63.3732884042126
GAAGAGATAGGTACGTTAATA	29.1029020719779	55.5637645946888	GTACCTGGCATACCTAAGGAC	21.754240785165	63.3732884042126
GAAGAGATAGGTACGTTAATA	29.1029020719779	55.5637645946888	GTACCTGGCATACCTAAGGAC	21.754240785165	63.3732884042126
GAAGAGATAGGTACGTTAATA	29.1029020719779	55.5637645946888	GTACCTGGCATACCTAAGGAC	21.754240785165	63.3732884042126
GAAGAGATAGGTACGTTAATA	29.1029020719779	55.5637645946888	GTACCTGGCATACCTAAGGAC	21.754240785165	63.3732884042126
ATGTTACTTGGTTCCATGTTA	24.1029020719779	55.5637645946888	GTACCTGGCATACCTAAGGAC	21.754240785165	63.3732884042126
CACAACATTACTTTGATATGG	22.1029020719779	55.5637645946888	GTACCTGGCATACCTAAGGAC	21.754240785165	63.3732884042126
CACAACATTACTTTGATATGG	22.1029020719779	55.5637645946888	GTACCTGGCATACCTAAGGAC	21.754240785165	63.3732884042126
CACAACATTACTTTGATATGG	22.1029020719779	55.5637645946888	GTACCTGGCATACCTAAGGAC	21.754240785165	63.3732884042126
TTAGATTCATTCAAGGAGGAG	15.3886163576922	57.5161455470697	TTAGATTCATTCAAGGAGGAG	15.3886163576922	57.5161455470697
TTAGATTCATTCAAGGAGGAG	15.3886163576922	57.5161455470697	TTAGATTCATTCAAGGAGGAG	15.3886163576922	57.5161455470697
TTAGATTCATTCAAGGAGGAG	15.3886163576922	57.5161455470697	TTAGATTCATTCAAGGAGGAG	15.3886163576922	57.5161455470697
TTAGATTCATTCAAGGAGGAG	15.3886163576922	57.5161455470697	TTAGATTCATTCAAGGAGGAG	15.3886163576922	57.5161455470697
TTAGATTCATTCAAGGAGGAG	15.3886163576922	57.5161455470697	TTAGATTCATTCAAGGAGGAG	15.3886163576922	57.5161455470697
TTAGATTCATTCAAGGAGGAG	15.3886163576922	57.5161455470697	TTAGATTCATTCAAGGAGGAG	15.3886163576922	57.5161455470697
TTAGATTCATTCAAGGAGGAG	15.3886163576922	57.5161455470697	TTAGATTCATTCAAGGAGGAG	15.3886163576922	57.5161455470697
TTAGATTCATTCAAGGAGGAG	15.3886163576922	57.5161455470697	TTAGATTCATTCAAGGAGGAG	15.3886163576922	57.5161455470697
TTAGATTCATTCAAGGAGGAG	15.3886163576922	57.5161455470697	TTAGATTCATTCAAGGAGGAG	15.3886163576922	57.5161455470697
TTAGATTCATTCAAGGAGGAG	15.3886163576922	57.5161455470697	TTAGATTCATTCAAGGAGGAG	15.3886163576922	57.5161455470697
TTAGATTCATTCAAGGAGGAG	15.3886163576922	57.5161455470697	TTAGATTCATTCAAGGAGGAG	15.3886163576922	57.5161455470697
TTAGATTCATTCAAGGAGGAG	15.3886163576922	57.5161455470697	TTAGATTCATTCAAGGAGGAG	15.3886163576922	57.5161455470697
TTAGATTCATTCAAGGAGGAG	15.3886163576922	57.5161455470697	TTAGATTCATTCAAGGAGGAG	15.3886163576922	57.5161455470697
TTAGATTCATTCAAGGAGGAG	15.3886163576922	57.5161455470697	TTAGATTCATTCAAGGAGGAG	15.3886163576922	57.5161455470697
AGATTCATTCAAGGAGGAGTT	15.3886163576922	57.5161455470697	TTAGATTCATTCAAGGAGGAG	15.3886163576922	57.5161455470697
TTAGATTCATTCAAGGAGGAG	15.3886163576922	57.5161455470697	TTAGATTCATTCAAGGAGGAG	15.3886163576922	57.5161455470697
TTAGATTCATTCAAGGAGGAG	15.3886163576922	57.5161455470697	TTAGATTCATTCAAGGAGGAG	15.3886163576922	57.5161455470697
TTAGATTCATTCAAGGAGGAG	15.3886163576922	57.5161455470697	TTAGATTCATTCAAGGAGGAG	15.3886163576922	57.5161455470697
TTAGATTCATTCAAGGAGGAG	15.3886163576922	57.5161455470697	TTAGATTCATTCAAGGAGGAG	15.3886163576922	57.5161455470697
TTAGATTCATTCAAGGAGGAG	15.3886163576922	57.5161455470697	TTAGATTCATTCAAGGAGGAG	15.3886163576922	57.5161455470697
TTAGATTCATTCAAGGAGGAG	15.3886163576922	57.5161455470697	TTAGATTCATTCAAGGAGGAG	15.3886163576922	57.5161455470697
TTAGATTCATTCAAGGAGGAG	15.3886163576922	57.5161455470697	TTAGATTCATTCAAGGAGGAG	15.3886163576922	57.5161455470697
TTAGATTCATTCAAGGAGGAG	15.3886163576922	57.5161455470697	TTAGATTCATTCAAGGAGGAG	15.3886163576922	57.5161455470697
TTAGATTCATTCAAGGAGGAG	15.3886163576922	57.5161455470697	TTAGATTCATTCAAGGAGGAG	15.3886163576922	57.5161455470697
TTAGATTCATTCAAGGAGGAG	15.3886163576922	57.5161455470697	TTAGATTCATTCAAGGAGGAG	15.3886163576922	57.5161455470697
TTAGATTCATTCAAGGAGGAG	15.3886163576922	57.5161455470697	TTAGATTCATTCAAGGAGGAG	15.3886163576922	57.5161455470697
TTAGATTCATTCAAGGAGGAG	15.3886163576922	57.5161455470697	TTAGATTCATTCAAGGAGGAG	15.3886163576922	57.5161455470697
TTAGATTCATTCAAGGAGGAG	15.3886163576922	57.5161455470697	TTAGATTCATTCAAGGAGGAG	15.3886163576922	57.5161455470697
TTAGATTCATTCAAGGAGGAG	15.3886163576922	57.5161455470697	TTAGATTCATTCAAGGAGGAG	15.3886163576922	57.5161455470697
TTAGATTCATTCAAGGAGGAG	15.3886163576922	57.5161455470697	TTAGATTCATTCAAGGAGGAG	15.3886163576922	57.5161455470697
GTCACACCGGAAGCCAATATG	7.75424078516496	63.3732884042126	GTCACACCGGAAGCCAATATG	7.75424078516496	63.3732884042126
TTAGATTCATTCAAGGAGGAG	15.3886163576922	57.5161455470697	GTCACACCGGAAGCCAATATG	7.75424078516496	63.3732884042126
TTAGATTCATTCAAGGAGGAG	15.3886163576922	57.5161455470697	GTCACACCGGAAGCCAATATG	7.75424078516496	63.3732884042126
TTAGATTCATTCAAGGAGGAG	15.3886163576922	57.5161455470697	GTCACACCGGAAGCCAATATG	7.75424078516496	63.3732884042126
TTAGATTCATTCAAGGAGGAG	15.3886163576922	57.5161455470697	GTCACACCGGAAGCCAATATG	7.75424078516496	63.3732884042126
TTAGATTCATTCAAGGAGGAG	15.3886163576922	57.5161455470697	GTCACACCGGAAGCCAATATG	7.75424078516496	63.3732884042126
TTAGATTCATTCAAGGAGGAG	15.3886163576922	57.5161455470697	GTCACACCGGAAGCCAATATG	7.75424078516496	63.3732884042126
TTAGATTCATTCAAGGAGGAG	15.3886163576922	57.5161455470697	GTCACACCGGAAGCCAATATG	7.75424078516496	63.3732884042126
TTAGATTCATTCAAGGAGGAG	15.3886163576922	57.5161455470697	GTCACACCGGAAGCCAATATG	7.75424078516496	63.3732884042126
TTAGATTCATTCAAGGAGGAG	15.3886163576922	57.5161455470697	GTCACACCGGAAGCCAATATG	7.75424078516496	63.3732884042126
TTAGATTCATTCAAGGAGGAG	15.3886163576922	57.5161455470697	GTCACACCGGAAGCCAATATG	7.75424078516496	63.3732884042126
GCAGGTTCCAACGGTACTATT	13.801859832784	61.4209074518316	GTCACACCGGAAGCCAATATG	7.75424078516496	63.3732884042126
GCAGGTTCCAACGGTACTATT	13.801859832784	61.4209074518316	GTCACACCGGAAGCCAATATG	7.75424078516496	63.3732884042126
GCAGGTTCCAACGGTACTATT	13.801859832784	61.4209074518316	GTCACACCGGAAGCCAATATG	7.75424078516496	63.3732884042126
TTTAGCCATGGCAGGTTCCAA	13.801859832784	61.4209074518316	GTCACACCGGAAGCCAATATG	7.75424078516496	63.3732884042126
GCAGGTTCCAACGGTACTATT	13.801859832784	61.4209074518316	GTCACACCGGAAGCCAATATG	7.75424078516496	63.3732884042126
GCAGGTTCCAACGGTACTATT	13.801859832784	61.4209074518316	GTCACACCGGAAGCCAATATG	7.75424078516496	63.3732884042126
GCAGGTTCCAACGGTACTATT	13.801859832784	61.4209074518316	GTCACACCGGAAGCCAATATG	7.75424078516496	63.3732884042126
GCAGGTTCCAACGGTACTATT	13.801859832784	61.4209074518316	GTCACACCGGAAGCCAATATG	7.75424078516496	63.3732884042126
GCAGGTTCCAACGGTACTATT	13.801859832784	61.4209074518316	GTCACACCGGAAGCCAATATG	7.75424078516496	63.3732884042126
GCAGGTTCCAACGGTACTATT	13.801859832784	61.4209074518316	GTCACACCGGAAGCCAATATG	7.75424078516496	63.3732884042126
GCAGGTTCCAACGGTACTATT	13.801859832784	61.4209074518316	GTCACACCGGAAGCCAATATG	7.75424078516496	63.3732884042126
GCAGGTTCCAACGGTACTATT	13.801859832784	61.4209074518316	GTCACACCGGAAGCCAATATG	7.75424078516496	63.3732884042126
