AACCACAAATCATTACTACAC	22.1029020719779	55.5637645946888	AACCACAAATCATTACTACAC	22.1029020719779	55.5637645946888
AACCACAAATCATTACTACAC	22.1029020719779	55.5637645946888	AACCACAAATCATTACTACAC	22.1029020719779	55.5637645946888
AACCACAAATCATTACTACAC	22.1029020719779	55.5637645946888	AACCACAAATCATTACTACAC	22.1029020719779	55.5637645946888
GGACCAATGGTACTAAGAGGT	397.801859832784	61.4209074518316	AACCACAAATCATTACTACAC	22.1029020719779	55.5637645946888
GGACCAATGGTACTAAGAGGT	397.801859832784	61.4209074518316	AACCACAAATCATTACTACAC	22.1029020719779	55.5637645946888
GGACCAATGGTACTAAGAGGT	397.801859832784	61.4209074518316	AACCACAAATCATTACTACAC	22.1029020719779	55.5637645946888
TATGGTCTATATGCCTGCTAG	396.674330643407	59.4685264994507	AACCACAAATCATTACTACAC	22.1029020719779	55.5637645946888
TTTTGGGTGTTTACCACAAAA	30.1029020719779	55.5637645946888	AACCACAAATCATTACTACAC	22.1029020719779	55.5637645946888
GGCCAACAACAACAAGGCCAA	396.754240785165	63.3732884042126	AACCACAAATCATTACTACAC	22.1029020719779	55.5637645946888
GGCCAACAACAACAAGGCCAA	396.754240785165	63.3732884042126	AACCACAAATCATTACTACAC	22.1029020719779	55.5637645946888
CAAAATGTTTGGTAAAGGCCA	14.3886163576922	57.5161455470697	CAAAATGTTTGGTAAAGGCCA	14.3886163576922	57.5161455470697
CAAAATGTTTGGTAAAGGCCA	14.3886163576922	57.5161455470697	CAAAATGTTTGGTAAAGGCCA	14.3886163576922	57.5161455470697
ATGTTTGGTAAAGGCCAACAA	14.3886163576922	57.5161455470697	CAAAATGTTTGGTAAAGGCCA	14.3886163576922	57.5161455470697
CAAAATGTTTGGTAAAGGCCA	14.3886163576922	57.5161455470697	CAAAATGTTTGGTAAAGGCCA	14.3886163576922	57.5161455470697
CAAAATGTTTGGTAAAGGCCA	14.3886163576922	57.5161455470697	CAAAATGTTTGGTAAAGGCCA	14.3886163576922	57.5161455470697
CAAAATGTTTGGTAAAGGCCA	14.3886163576922	57.5161455470697	CAAAATGTTTGGTAAAGGCCA	14.3886163576922	57.5161455470697
CAAAATGTTTGGTAAAGGCCA	14.3886163576922	57.5161455470697	CAAAATGTTTGGTAAAGGCCA	14.3886163576922	57.5161455470697
ATGTTTGGTAAAGGCCAACAA	14.3886163576922	57.5161455470697	CAAAATGTTTGGTAAAGGCCA	14.3886163576922	57.5161455470697
ATGTTTGGTAAAGGCCAACAA	14.3886163576922	57.5161455470697	CAAAATGTTTGGTAAAGGCCA	14.3886163576922	57.5161455470697
CAAAATGTTTGGTAAAGGCCA	14.3886163576922	57.5161455470697	CAAAATGTTTGGTAAAGGCCA	14.3886163576922	57.5161455470697
ATGTTTGGTAAAGGCCAACAA	14.3886163576922	57.5161455470697	CAAAATGTTTGGTAAAGGCCA	14.3886163576922	57.5161455470697
CAAAATGTTTGGTAAAGGCCA	14.3886163576922	57.5161455470697	CAAAATGTTTGGTAAAGGCCA	14.3886163576922	57.5161455470697
ATGTTTGGTAAAGGCCAACAA	14.3886163576922	57.5161455470697	CAAAATGTTTGGTAAAGGCCA	14.3886163576922	57.5161455470697
ATGTTTGGTAAAGGCCAACAA	14.3886163576922	57.5161455470697	CAAAATGTTTGGTAAAGGCCA	14.3886163576922	57.5161455470697
ATGTTTGGTAAAGGCCAACAA	14.3886163576922	57.5161455470697	CAAAATGTTTGGTAAAGGCCA	14.3886163576922	57.5161455470697
ATGTTTGGTAAAGGCCAACAA	14.3886163576922	57.5161455470697	CAAAATGTTTGGTAAAGGCCA	14.3886163576922	57.5161455470697
ATGTTTGGTAAAGGCCAACAA	14.3886163576922	57.5161455470697	CAAAATGTTTGGTAAAGGCCA	14.3886163576922	57.5161455470697
ATGTTTGGTAAAGGCCAACAA	14.3886163576922	57.5161455470697	CAAAATGTTTGGTAAAGGCCA	14.3886163576922	57.5161455470697
ATGTTTGGTAAAGGCCAACAA	14.3886163576922	57.5161455470697	CAAAATGTTTGGTAAAGGCCA	14.3886163576922	57.5161455470697
ATGTTTGGTAAAGGCCAACAA	14.3886163576922	57.5161455470697	CAAAATGTTTGGTAAAGGCCA	14.3886163576922	57.5161455470697
ATGTTTGGTAAAGGCCAACAA	14.3886163576922	57.5161455470697	CAAAATGTTTGGTAAAGGCCA	14.3886163576922	57.5161455470697
ATGTTTGGTAAAGGCCAACAA	14.3886163576922	57.5161455470697	CAAAATGTTTGGTAAAGGCCA	14.3886163576922	57.5161455470697
ATGTTTGGTAAAGGCCAACAA	14.3886163576922	57.5161455470697	CAAAATGTTTGGTAAAGGCCA	14.3886163576922	57.5161455470697
ATGTTTGGTAAAGGCCAACAA	14.3886163576922	57.5161455470697	CAAAATGTTTGGTAAAGGCCA	14.3886163576922	57.5161455470697
ATGTTTGGTAAAGGCCAACAA	14.3886163576922	57.5161455470697	CAAAATGTTTGGTAAAGGCCA	14.3886163576922	57.5161455470697
ATGTTTGGTAAAGGCCAACAA	14.3886163576922	57.5161455470697	CAAAATGTTTGGTAAAGGCCA	14.3886163576922	57.5161455470697
ATGTTTGGTAAAGGCCAACAA	14.3886163576922	57.5161455470697	CAAAATGTTTGGTAAAGGCCA	14.3886163576922	57.5161455470697
ATGTTTGGTAAAGGCCAACAA	14.3886163576922	57.5161455470697	CAAAATGTTTGGTAAAGGCCA	14.3886163576922	57.5161455470697
ATGTTTGGTAAAGGCCAACAA	14.3886163576922	57.5161455470697	CAAAATGTTTGGTAAAGGCCA	14.3886163576922	57.5161455470697
ATGTTTGGTAAAGGCCAACAA	14.3886163576922	57.5161455470697	CAAAATGTTTGGTAAAGGCCA	14.3886163576922	57.5161455470697
ATGTTTGGTAAAGGCCAACAA	14.3886163576922	57.5161455470697	CAAAATGTTTGGTAAAGGCCA	14.3886163576922	57.5161455470697
ATGTTTGGTAAAGGCCAACAA	14.3886163576922	57.5161455470697	CAAAATGTTTGGTAAAGGCCA	14.3886163576922	57.5161455470697
ATGTTTGGTAAAGGCCAACAA	14.3886163576922	57.5161455470697	CAAAATGTTTGGTAAAGGCCA	14.3886163576922	57.5161455470697
ATGTTTGGTAAAGGCCAACAA	14.3886163576922	57.5161455470697	CAAAATGTTTGGTAAAGGCCA	14.3886163576922	57.5161455470697
ATGTTTGGTAAAGGCCAACAA	14.3886163576922	57.5161455470697	CAAAATGTTTGGTAAAGGCCA	14.3886163576922	57.5161455470697
ATGTTTGGTAAAGGCCAACAA	14.3886163576922	57.5161455470697	CAAAATGTTTGGTAAAGGCCA	14.3886163576922	57.5161455470697
ATGTTTGGTAAAGGCCAACAA	14.3886163576922	57.5161455470697	CAAAATGTTTGGTAAAGGCCA	14.3886163576922	57.5161455470697
ATGTTTGGTAAAGGCCAACAA	14.3886163576922	57.5161455470697	CAAAATGTTTGGTAAAGGCCA	14.3886163576922	57.5161455470697
ATGTTTGGTAAAGGCCAACAA	14.3886163576922	57.5161455470697	CAAAATGTTTGGTAAAGGCCA	14.3886163576922	57.5161455470697
ATGTTTGGTAAAGGCCAACAA	14.3886163576922	57.5161455470697	CAAAATGTTTGGTAAAGGCCA	14.3886163576922	57.5161455470697
ATGTTTGGTAAAGGCCAACAA	14.3886163576922	57.5161455470697	CAAAATGTTTGGTAAAGGCCA	14.3886163576922	57.5161455470697
ATGTTTGGTAAAGGCCAACAA	14.3886163576922	57.5161455470697	CAAAATGTTTGGTAAAGGCCA	14.3886163576922	57.5161455470697
ATGTTTGGTAAAGGCCAACAA	14.3886163576922	57.5161455470697	CAAAATGTTTGGTAAAGGCCA	14.3886163576922	57.5161455470697
ATGTTTGGTAAAGGCCAACAA	14.3886163576922	57.5161455470697	CAAAATGTTTGGTAAAGGCCA	14.3886163576922	57.5161455470697
CAAAATGTTTGGTAAAGGCCA	14.3886163576922	57.5161455470697	CAAAATGTTTGGTAAAGGCCA	14.3886163576922	57.5161455470697
CAAAATGTTTGGTAAAGGCCA	14.3886163576922	57.5161455470697	CAAAATGTTTGGTAAAGGCCA	14.3886163576922	57.5161455470697
TGTTTGGTAAAGGCCAACAAC	7.67433064340648	59.4685264994507	TGTTTGGTAAAGGCCAACAAC	7.67433064340648	59.4685264994507
ATGTTTGGTAAAGGCCAACAA	14.3886163576922	57.5161455470697	TGTTTGGTAAAGGCCAACAAC	7.67433064340648	59.4685264994507
ATGTTTGGTAAAGGCCAACAA	14.3886163576922	57.5161455470697	TGTTTGGTAAAGGCCAACAAC	7.67433064340648	59.4685264994507
ATGTTTGGTAAAGGCCAACAA	14.3886163576922	57.5161455470697	TGTTTGGTAAAGGCCAACAAC	7.67433064340648	59.4685264994507
ATGTTTGGTAAAGGCCAACAA	14.3886163576922	57.5161455470697	TGTTTGGTAAAGGCCAACAAC	7.67433064340648	59.4685264994507
CAAAATGTTTGGTAAAGGCCA	14.3886163576922	57.5161455470697	TGTTTGGTAAAGGCCAACAAC	7.67433064340648	59.4685264994507
TGTTTGGTAAAGGCCAACAAC	7.67433064340648	59.4685264994507	TGTTTGGTAAAGGCCAACAAC	7.67433064340648	59.4685264994507
CAAAATGTTTGGTAAAGGCCA	14.3886163576922	57.5161455470697	TGTTTGGTAAAGGCCAACAAC	7.67433064340648	59.4685264994507
ATGTTTGGTAAAGGCCAACAA	14.3886163576922	57.5161455470697	TGTTTGGTAAAGGCCAACAAC	7.67433064340648	59.4685264994507
CAAAATGTTTGGTAAAGGCCA	14.3886163576922	57.5161455470697	TGTTTGGTAAAGGCCAACAAC	7.67433064340648	59.4685264994507
ATGTTTGGTAAAGGCCAACAA	14.3886163576922	57.5161455470697	TGTTTGGTAAAGGCCAACAAC	7.67433064340648	59.4685264994507
TGTTTGGTAAAGGCCAACAAC	7.67433064340648	59.4685264994507	TGTTTGGTAAAGGCCAACAAC	7.67433064340648	59.4685264994507
TGTTTGGTAAAGGCCAACAAC	7.67433064340648	59.4685264994507	TGTTTGGTAAAGGCCAACAAC	7.67433064340648	59.4685264994507
ATGTTTGGTAAAGGCCAACAA	14.3886163576922	57.5161455470697	TGTTTGGTAAAGGCCAACAAC	7.67433064340648	59.4685264994507
AAATGTTTGGTAAAGGCCAAC	14.3886163576922	57.5161455470697	TGTTTGGTAAAGGCCAACAAC	7.67433064340648	59.4685264994507
AAATGTTTGGTAAAGGCCAAC	14.3886163576922	57.5161455470697	TGTTTGGTAAAGGCCAACAAC	7.67433064340648	59.4685264994507
CAAAATGTTTGGTAAAGGCCA	14.3886163576922	57.5161455470697	TGTTTGGTAAAGGCCAACAAC	7.67433064340648	59.4685264994507
ATGTTTGGTAAAGGCCAACAA	14.3886163576922	57.5161455470697	TGTTTGGTAAAGGCCAACAAC	7.67433064340648	59.4685264994507
CAAAATGTTTGGTAAAGGCCA	14.3886163576922	57.5161455470697	TGTTTGGTAAAGGCCAACAAC	7.67433064340648	59.4685264994507
CCCACTTACAAGTTTTGGACC	9.80185983278399	61.4209074518316	TGTTTGGTAAAGGCCAACAAC	7.67433064340648	59.4685264994507
CCCACTTACAAGTTTTGGACC	9.80185983278399	61.4209074518316	TGTTTGGTAAAGGCCAACAAC	7.67433064340648	59.4685264994507
ATGTTTGGTAAAGGCCAACAA	14.3886163576922	57.5161455470697	TGTTTGGTAAAGGCCAACAAC	7.67433064340648	59.4685264994507
CAAAATGTTTGGTAAAGGCCA	14.3886163576922	57.5161455470697	TGTTTGGTAAAGGCCAACAAC	7.67433064340648	59.4685264994507
CAAAATGTTTGGTAAAGGCCA	14.3886163576922	57.5161455470697	TGTTTGGTAAAGGCCAACAAC	7.67433064340648	59.4685264994507
CAAAATGTTTGGTAAAGGCCA	14.3886163576922	57.5161455470697	TGTTTGGTAAAGGCCAACAAC	7.67433064340648	59.4685264994507
TTGGTAAAGGCCAACAACAAC	7.67433064340648	59.4685264994507	TGTTTGGTAAAGGCCAACAAC	7.67433064340648	59.4685264994507
CAAAATGTTTGGTAAAGGCCA	14.3886163576922	57.5161455470697	TGTTTGGTAAAGGCCAACAAC	7.67433064340648	59.4685264994507
ATGTTTGGTAAAGGCCAACAA	14.3886163576922	57.5161455470697	TGTTTGGTAAAGGCCAACAAC	7.67433064340648	59.4685264994507
CAAAATGTTTGGTAAAGGCCA	14.3886163576922	57.5161455470697	TGTTTGGTAAAGGCCAACAAC	7.67433064340648	59.4685264994507
CAAAATGTTTGGTAAAGGCCA	14.3886163576922	57.5161455470697	TGTTTGGTAAAGGCCAACAAC	7.67433064340648	59.4685264994507
CAAAATGTTTGGTAAAGGCCA	14.3886163576922	57.5161455470697	TGTTTGGTAAAGGCCAACAAC	7.67433064340648	59.4685264994507
CAAAATGTTTGGTAAAGGCCA	14.3886163576922	57.5161455470697	TGTTTGGTAAAGGCCAACAAC	7.67433064340648	59.4685264994507
CAAAATGTTTGGTAAAGGCCA	14.3886163576922	57.5161455470697	TGTTTGGTAAAGGCCAACAAC	7.67433064340648	59.4685264994507
CAAAATGTTTGGTAAAGGCCA	14.3886163576922	57.5161455470697	TGTTTGGTAAAGGCCAACAAC	7.67433064340648	59.4685264994507
CAAAATGTTTGGTAAAGGCCA	14.3886163576922	57.5161455470697	TGTTTGGTAAAGGCCAACAAC	7.67433064340648	59.4685264994507
TGTTTGGTAAAGGCCAACAAC	7.67433064340648	59.4685264994507	TGTTTGGTAAAGGCCAACAAC	7.67433064340648	59.4685264994507
TGTTTGGTAAAGGCCAACAAC	7.67433064340648	59.4685264994507	TGTTTGGTAAAGGCCAACAAC	7.67433064340648	59.4685264994507
TGTTTGGTAAAGGCCAACAAC	7.67433064340648	59.4685264994507	TGTTTGGTAAAGGCCAACAAC	7.67433064340648	59.4685264994507
TGTTTGGTAAAGGCCAACAAC	7.67433064340648	59.4685264994507	TGTTTGGTAAAGGCCAACAAC	7.67433064340648	59.4685264994507
TGTTTGGTAAAGGCCAACAAC	7.67433064340648	59.4685264994507	TGTTTGGTAAAGGCCAACAAC	7.67433064340648	59.4685264994507
TGTTTGGTAAAGGCCAACAAC	7.67433064340648	59.4685264994507	TGTTTGGTAAAGGCCAACAAC	7.67433064340648	59.4685264994507
TGTTTGGTAAAGGCCAACAAC	7.67433064340648	59.4685264994507	TGTTTGGTAAAGGCCAACAAC	7.67433064340648	59.4685264994507
TGTTTGGTAAAGGCCAACAAC	7.67433064340648	59.4685264994507	TGTTTGGTAAAGGCCAACAAC	7.67433064340648	59.4685264994507
TGTTTGGTAAAGGCCAACAAC	7.67433064340648	59.4685264994507	TGTTTGGTAAAGGCCAACAAC	7.67433064340648	59.4685264994507
