GCATGGTACGTCTGACAACAC	8.02380952380952	54.3571428571429	GCATGGTACGTCTGACAACAC	8.02380952380952	54.3571428571429
CAACTAGCGGGCATATGGCTA	8.02380952380952	54.3571428571429	GCATGGTACGTCTGACAACAC	8.02380952380952	54.3571428571429
TAAGATGCGAGCTGAGAAGCG	8.02380952380952	54.3571428571429	GCATGGTACGTCTGACAACAC	8.02380952380952	54.3571428571429
CAACTAGCGGGCATATGGCTA	8.02380952380952	54.3571428571429	GCATGGTACGTCTGACAACAC	8.02380952380952	54.3571428571429
CAACTAGCGGGCATATGGCTA	8.02380952380952	54.3571428571429	GCATGGTACGTCTGACAACAC	8.02380952380952	54.3571428571429
GATGTATGGTGCAGCCTGAAG	8.02380952380952	54.3571428571429	GCATGGTACGTCTGACAACAC	8.02380952380952	54.3571428571429
ACACCCGCACAAGTCTGTAGA	8.02380952380952	54.3571428571429	GCATGGTACGTCTGACAACAC	8.02380952380952	54.3571428571429
CTCTTCATACCGCCTTCCAGA	8.02380952380952	54.3571428571429	GCATGGTACGTCTGACAACAC	8.02380952380952	54.3571428571429
GTGCCGAAATTCGTACCCACT	8.02380952380952	54.3571428571429	GCATGGTACGTCTGACAACAC	8.02380952380952	54.3571428571429
ATACATCCACTAGAGCAGCCG	8.02380952380952	54.3571428571429	GCATGGTACGTCTGACAACAC	8.02380952380952	54.3571428571429
TACCCGGGTACGTGGATATCA	8.02380952380952	54.3571428571429	GCATGGTACGTCTGACAACAC	8.02380952380952	54.3571428571429
TACCCGGGTACGTGGATATCA	8.02380952380952	54.3571428571429	GCATGGTACGTCTGACAACAC	8.02380952380952	54.3571428571429
TACCCGGGTACGTGGATATCA	8.02380952380952	54.3571428571429	GCATGGTACGTCTGACAACAC	8.02380952380952	54.3571428571429
CTCACACATGTCTCCGATACG	8.02380952380952	54.3571428571429	GCATGGTACGTCTGACAACAC	8.02380952380952	54.3571428571429
GATTCCTCACACATGTCTCCG	8.02380952380952	54.3571428571429	GCATGGTACGTCTGACAACAC	8.02380952380952	54.3571428571429
GTAACCTCGAGCATCCATTCG	8.02380952380952	54.3571428571429	GCATGGTACGTCTGACAACAC	8.02380952380952	54.3571428571429
TACCCGGGTACGTGGATATCA	8.02380952380952	54.3571428571429	GCATGGTACGTCTGACAACAC	8.02380952380952	54.3571428571429
CCTCACACATGTCTCCGATAC	8.02380952380952	54.3571428571429	GCATGGTACGTCTGACAACAC	8.02380952380952	54.3571428571429
CCTCACACATGTCTCCGATAC	8.02380952380952	54.3571428571429	GCATGGTACGTCTGACAACAC	8.02380952380952	54.3571428571429
CCTCACACATGTCTCCGATAC	8.02380952380952	54.3571428571429	GCATGGTACGTCTGACAACAC	8.02380952380952	54.3571428571429
CCTCACACATGTCTCCGATAC	8.02380952380952	54.3571428571429	GCATGGTACGTCTGACAACAC	8.02380952380952	54.3571428571429
CTCACACATGTCTCCGATACG	8.02380952380952	54.3571428571429	GCATGGTACGTCTGACAACAC	8.02380952380952	54.3571428571429
CTCACACATGTCTCCGATACG	8.02380952380952	54.3571428571429	GCATGGTACGTCTGACAACAC	8.02380952380952	54.3571428571429
CTCACACATGTCTCCGATACG	8.02380952380952	54.3571428571429	GCATGGTACGTCTGACAACAC	8.02380952380952	54.3571428571429
CTCACACATGTCTCCGATACG	8.02380952380952	54.3571428571429	GCATGGTACGTCTGACAACAC	8.02380952380952	54.3571428571429
CTCACACATGTCTCCGATACG	8.02380952380952	54.3571428571429	GCATGGTACGTCTGACAACAC	8.02380952380952	54.3571428571429
TACCCGGGTACGTGGATATCA	8.02380952380952	54.3571428571429	GCATGGTACGTCTGACAACAC	8.02380952380952	54.3571428571429
CTCACACATGTCTCCGATACG	8.02380952380952	54.3571428571429	GCATGGTACGTCTGACAACAC	8.02380952380952	54.3571428571429
TTCAGGAGATGATCTCGCCGT	8.02380952380952	54.3571428571429	GCATGGTACGTCTGACAACAC	8.02380952380952	54.3571428571429
CTCACACATGTCTCCGATACG	8.02380952380952	54.3571428571429	GCATGGTACGTCTGACAACAC	8.02380952380952	54.3571428571429
CTCACACATGTCTCCGATACG	8.02380952380952	54.3571428571429	GCATGGTACGTCTGACAACAC	8.02380952380952	54.3571428571429
CTCACACATGTCTCCGATACG	8.02380952380952	54.3571428571429	GCATGGTACGTCTGACAACAC	8.02380952380952	54.3571428571429
TACCCGGGTACGTGGATATCA	8.02380952380952	54.3571428571429	GCATGGTACGTCTGACAACAC	8.02380952380952	54.3571428571429
CTCACACATGTCTCCGATACG	8.02380952380952	54.3571428571429	GCATGGTACGTCTGACAACAC	8.02380952380952	54.3571428571429
CTCACACATGTCTCCGATACG	8.02380952380952	54.3571428571429	GCATGGTACGTCTGACAACAC	8.02380952380952	54.3571428571429
CTCACACATGTCTCCGATACG	8.02380952380952	54.3571428571429	GCATGGTACGTCTGACAACAC	8.02380952380952	54.3571428571429
CTCACACATGTCTCCGATACG	8.02380952380952	54.3571428571429	GCATGGTACGTCTGACAACAC	8.02380952380952	54.3571428571429
CTCACACATGTCTCCGATACG	8.02380952380952	54.3571428571429	GCATGGTACGTCTGACAACAC	8.02380952380952	54.3571428571429
CTCACACATGTCTCCGATACG	8.02380952380952	54.3571428571429	GCATGGTACGTCTGACAACAC	8.02380952380952	54.3571428571429
CTCACACATGTCTCCGATACG	8.02380952380952	54.3571428571429	GCATGGTACGTCTGACAACAC	8.02380952380952	54.3571428571429
CTCACACATGTCTCCGATACG	8.02380952380952	54.3571428571429	GCATGGTACGTCTGACAACAC	8.02380952380952	54.3571428571429
CTCACACATGTCTCCGATACG	8.02380952380952	54.3571428571429	GCATGGTACGTCTGACAACAC	8.02380952380952	54.3571428571429
CTCACACATGTCTCCGATACG	8.02380952380952	54.3571428571429	GCATGGTACGTCTGACAACAC	8.02380952380952	54.3571428571429
CTCACACATGTCTCCGATACG	8.02380952380952	54.3571428571429	GCATGGTACGTCTGACAACAC	8.02380952380952	54.3571428571429
TACCCGGGTACGTGGATATCA	8.02380952380952	54.3571428571429	GCATGGTACGTCTGACAACAC	8.02380952380952	54.3571428571429
CTCACACATGTCTCCGATACG	8.02380952380952	54.3571428571429	GCATGGTACGTCTGACAACAC	8.02380952380952	54.3571428571429
CTCACACATGTCTCCGATACG	8.02380952380952	54.3571428571429	GCATGGTACGTCTGACAACAC	8.02380952380952	54.3571428571429
TACCCGGGTACGTGGATATCA	8.02380952380952	54.3571428571429	GCATGGTACGTCTGACAACAC	8.02380952380952	54.3571428571429
TACCCGGGTACGTGGATATCA	8.02380952380952	54.3571428571429	GCATGGTACGTCTGACAACAC	8.02380952380952	54.3571428571429
CTCACACATGTCTCCGATACG	8.02380952380952	54.3571428571429	GCATGGTACGTCTGACAACAC	8.02380952380952	54.3571428571429
CTCACACATGTCTCCGATACG	8.02380952380952	54.3571428571429	GCATGGTACGTCTGACAACAC	8.02380952380952	54.3571428571429
CTCACACATGTCTCCGATACG	8.02380952380952	54.3571428571429	GCATGGTACGTCTGACAACAC	8.02380952380952	54.3571428571429
CTCACACATGTCTCCGATACG	8.02380952380952	54.3571428571429	GCATGGTACGTCTGACAACAC	8.02380952380952	54.3571428571429
CTCACACATGTCTCCGATACG	8.02380952380952	54.3571428571429	GCATGGTACGTCTGACAACAC	8.02380952380952	54.3571428571429
CTCACACATGTCTCCGATACG	8.02380952380952	54.3571428571429	GCATGGTACGTCTGACAACAC	8.02380952380952	54.3571428571429
CTCACACATGTCTCCGATACG	8.02380952380952	54.3571428571429	GCATGGTACGTCTGACAACAC	8.02380952380952	54.3571428571429
CTCACACATGTCTCCGATACG	8.02380952380952	54.3571428571429	GCATGGTACGTCTGACAACAC	8.02380952380952	54.3571428571429
CTCACACATGTCTCCGATACG	8.02380952380952	54.3571428571429	GCATGGTACGTCTGACAACAC	8.02380952380952	54.3571428571429
CTCACACATGTCTCCGATACG	8.02380952380952	54.3571428571429	GCATGGTACGTCTGACAACAC	8.02380952380952	54.3571428571429
CTCACACATGTCTCCGATACG	8.02380952380952	54.3571428571429	GCATGGTACGTCTGACAACAC	8.02380952380952	54.3571428571429
CTCACACATGTCTCCGATACG	8.02380952380952	54.3571428571429	GCATGGTACGTCTGACAACAC	8.02380952380952	54.3571428571429
CTCACACATGTCTCCGATACG	8.02380952380952	54.3571428571429	GCATGGTACGTCTGACAACAC	8.02380952380952	54.3571428571429
CTCACACATGTCTCCGATACG	8.02380952380952	54.3571428571429	GCATGGTACGTCTGACAACAC	8.02380952380952	54.3571428571429
CTCACACATGTCTCCGATACG	8.02380952380952	54.3571428571429	GCATGGTACGTCTGACAACAC	8.02380952380952	54.3571428571429
CTCACACATGTCTCCGATACG	8.02380952380952	54.3571428571429	GCATGGTACGTCTGACAACAC	8.02380952380952	54.3571428571429
CTCACACATGTCTCCGATACG	8.02380952380952	54.3571428571429	GCATGGTACGTCTGACAACAC	8.02380952380952	54.3571428571429
CTCACACATGTCTCCGATACG	8.02380952380952	54.3571428571429	GCATGGTACGTCTGACAACAC	8.02380952380952	54.3571428571429
CTCACACATGTCTCCGATACG	8.02380952380952	54.3571428571429	GCATGGTACGTCTGACAACAC	8.02380952380952	54.3571428571429
CTCACACATGTCTCCGATACG	8.02380952380952	54.3571428571429	GCATGGTACGTCTGACAACAC	8.02380952380952	54.3571428571429
CTCACACATGTCTCCGATACG	8.02380952380952	54.3571428571429	GCATGGTACGTCTGACAACAC	8.02380952380952	54.3571428571429
CTCACACATGTCTCCGATACG	8.02380952380952	54.3571428571429	GCATGGTACGTCTGACAACAC	8.02380952380952	54.3571428571429
CTCACACATGTCTCCGATACG	8.02380952380952	54.3571428571429	GCATGGTACGTCTGACAACAC	8.02380952380952	54.3571428571429
CTCACACATGTCTCCGATACG	8.02380952380952	54.3571428571429	GCATGGTACGTCTGACAACAC	8.02380952380952	54.3571428571429
CTCACACATGTCTCCGATACG	8.02380952380952	54.3571428571429	GCATGGTACGTCTGACAACAC	8.02380952380952	54.3571428571429
CTCACACATGTCTCCGATACG	8.02380952380952	54.3571428571429	GCATGGTACGTCTGACAACAC	8.02380952380952	54.3571428571429
CTCACACATGTCTCCGATACG	8.02380952380952	54.3571428571429	GCATGGTACGTCTGACAACAC	8.02380952380952	54.3571428571429
CTCACACATGTCTCCGATACG	8.02380952380952	54.3571428571429	GCATGGTACGTCTGACAACAC	8.02380952380952	54.3571428571429
CTCACACATGTCTCCGATACG	8.02380952380952	54.3571428571429	GCATGGTACGTCTGACAACAC	8.02380952380952	54.3571428571429
CTCACACATGTCTCCGATACG	8.02380952380952	54.3571428571429	GCATGGTACGTCTGACAACAC	8.02380952380952	54.3571428571429
CTCACACATGTCTCCGATACG	8.02380952380952	54.3571428571429	GCATGGTACGTCTGACAACAC	8.02380952380952	54.3571428571429
CTCACACATGTCTCCGATACG	8.02380952380952	54.3571428571429	GCATGGTACGTCTGACAACAC	8.02380952380952	54.3571428571429
CTCACACATGTCTCCGATACG	8.02380952380952	54.3571428571429	GCATGGTACGTCTGACAACAC	8.02380952380952	54.3571428571429
CTCACACATGTCTCCGATACG	8.02380952380952	54.3571428571429	GCATGGTACGTCTGACAACAC	8.02380952380952	54.3571428571429
CTCACACATGTCTCCGATACG	8.02380952380952	54.3571428571429	GCATGGTACGTCTGACAACAC	8.02380952380952	54.3571428571429
AATCTGCCAGGATCAAGTGGC	8.02380952380952	54.3571428571429	GCATGGTACGTCTGACAACAC	8.02380952380952	54.3571428571429
CTCACACATGTCTCCGATACG	8.02380952380952	54.3571428571429	GCATGGTACGTCTGACAACAC	8.02380952380952	54.3571428571429
CTCACACATGTCTCCGATACG	8.02380952380952	54.3571428571429	GCATGGTACGTCTGACAACAC	8.02380952380952	54.3571428571429
CTCACACATGTCTCCGATACG	8.02380952380952	54.3571428571429	GCATGGTACGTCTGACAACAC	8.02380952380952	54.3571428571429
CTCACACATGTCTCCGATACG	8.02380952380952	54.3571428571429	GCATGGTACGTCTGACAACAC	8.02380952380952	54.3571428571429
CTCACACATGTCTCCGATACG	8.02380952380952	54.3571428571429	GCATGGTACGTCTGACAACAC	8.02380952380952	54.3571428571429
CTCACACATGTCTCCGATACG	8.02380952380952	54.3571428571429	GCATGGTACGTCTGACAACAC	8.02380952380952	54.3571428571429
CTCACACATGTCTCCGATACG	8.02380952380952	54.3571428571429	GCATGGTACGTCTGACAACAC	8.02380952380952	54.3571428571429
CTCACACATGTCTCCGATACG	8.02380952380952	54.3571428571429	GCATGGTACGTCTGACAACAC	8.02380952380952	54.3571428571429
CTCACACATGTCTCCGATACG	8.02380952380952	54.3571428571429	GCATGGTACGTCTGACAACAC	8.02380952380952	54.3571428571429
CTCACACATGTCTCCGATACG	8.02380952380952	54.3571428571429	GCATGGTACGTCTGACAACAC	8.02380952380952	54.3571428571429
CTCACACATGTCTCCGATACG	8.02380952380952	54.3571428571429	GCATGGTACGTCTGACAACAC	8.02380952380952	54.3571428571429
CTCACACATGTCTCCGATACG	8.02380952380952	54.3571428571429	GCATGGTACGTCTGACAACAC	8.02380952380952	54.3571428571429
CTCACACATGTCTCCGATACG	8.02380952380952	54.3571428571429	GCATGGTACGTCTGACAACAC	8.02380952380952	54.3571428571429
CTCACACATGTCTCCGATACG	8.02380952380952	54.3571428571429	GCATGGTACGTCTGACAACAC	8.02380952380952	54.3571428571429
GGTGACACGCTGGACAATCTA	8.02380952380952	54.3571428571429	GCATGGTACGTCTGACAACAC	8.02380952380952	54.3571428571429
