CCAACACGTGCATCCATGCAA	8.02380952380952	54.3571428571429	CCAACACGTGCATCCATGCAA	8.02380952380952	54.3571428571429
GAGGATAGCTGTGTTCTGCAC	8.02380952380952	54.3571428571429	CCAACACGTGCATCCATGCAA	8.02380952380952	54.3571428571429
GGTCTAGTTTTCAGCACGGTG	8.02380952380952	54.3571428571429	CCAACACGTGCATCCATGCAA	8.02380952380952	54.3571428571429
CGTCGTGCGATTCAGAACACA	8.02380952380952	54.3571428571429	CCAACACGTGCATCCATGCAA	8.02380952380952	54.3571428571429
CCTATCTAATGCCGGTGTTCC	8.02380952380952	54.3571428571429	CCAACACGTGCATCCATGCAA	8.02380952380952	54.3571428571429
CGTCGTGCGATTCAGAACACA	8.02380952380952	54.3571428571429	CCAACACGTGCATCCATGCAA	8.02380952380952	54.3571428571429
GGTCTAGTTTTCAGCACGGTG	8.02380952380952	54.3571428571429	CCAACACGTGCATCCATGCAA	8.02380952380952	54.3571428571429
CGTCGTGCGATTCAGAACACA	8.02380952380952	54.3571428571429	CCAACACGTGCATCCATGCAA	8.02380952380952	54.3571428571429
TAGTGCTTGCGCCAATGGATG	8.02380952380952	54.3571428571429	CCAACACGTGCATCCATGCAA	8.02380952380952	54.3571428571429
GGTCTAGTTTTCAGCACGGTG	8.02380952380952	54.3571428571429	CCAACACGTGCATCCATGCAA	8.02380952380952	54.3571428571429
TAGTGCTTGCGCCAATGGATG	8.02380952380952	54.3571428571429	CCAACACGTGCATCCATGCAA	8.02380952380952	54.3571428571429
TAGTGCTTGCGCCAATGGATG	8.02380952380952	54.3571428571429	CCAACACGTGCATCCATGCAA	8.02380952380952	54.3571428571429
GGTCTAGTTTTCAGCACGGTG	8.02380952380952	54.3571428571429	CCAACACGTGCATCCATGCAA	8.02380952380952	54.3571428571429
GTTGTTAACACCATTCCCGCG	8.02380952380952	54.3571428571429	CCAACACGTGCATCCATGCAA	8.02380952380952	54.3571428571429
CCCAAGTACTGGATGGGTCTT	8.02380952380952	54.3571428571429	CCAACACGTGCATCCATGCAA	8.02380952380952	54.3571428571429
GTTGTTAACACCATTCCCGCG	8.02380952380952	54.3571428571429	CCAACACGTGCATCCATGCAA	8.02380952380952	54.3571428571429
GTTGTTAACACCATTCCCGCG	8.02380952380952	54.3571428571429	CCAACACGTGCATCCATGCAA	8.02380952380952	54.3571428571429
GTTGTTAACACCATTCCCGCG	8.02380952380952	54.3571428571429	CCAACACGTGCATCCATGCAA	8.02380952380952	54.3571428571429
CAACACGTGCATCCATGCAAC	8.02380952380952	54.3571428571429	CCAACACGTGCATCCATGCAA	8.02380952380952	54.3571428571429
GCAGACCCTCGTCTCTACTAA	8.02380952380952	54.3571428571429	CCAACACGTGCATCCATGCAA	8.02380952380952	54.3571428571429
GTTGTTAACACCATTCCCGCG	8.02380952380952	54.3571428571429	CCAACACGTGCATCCATGCAA	8.02380952380952	54.3571428571429
GTTGTTAACACCATTCCCGCG	8.02380952380952	54.3571428571429	CCAACACGTGCATCCATGCAA	8.02380952380952	54.3571428571429
GTTGTTAACACCATTCCCGCG	8.02380952380952	54.3571428571429	CCAACACGTGCATCCATGCAA	8.02380952380952	54.3571428571429
CATCAGAGGATTCGGAGATGG	8.02380952380952	54.3571428571429	CCAACACGTGCATCCATGCAA	8.02380952380952	54.3571428571429
CATCAGAGGATTCGGAGATGG	8.02380952380952	54.3571428571429	CCAACACGTGCATCCATGCAA	8.02380952380952	54.3571428571429
GTTGTTAACACCATTCCCGCG	8.02380952380952	54.3571428571429	CCAACACGTGCATCCATGCAA	8.02380952380952	54.3571428571429
GTTGTTAACACCATTCCCGCG	8.02380952380952	54.3571428571429	CCAACACGTGCATCCATGCAA	8.02380952380952	54.3571428571429
GTTGTTAACACCATTCCCGCG	8.02380952380952	54.3571428571429	CCAACACGTGCATCCATGCAA	8.02380952380952	54.3571428571429
GTTGTTAACACCATTCCCGCG	8.02380952380952	54.3571428571429	CCAACACGTGCATCCATGCAA	8.02380952380952	54.3571428571429
GTTGTTAACACCATTCCCGCG	8.02380952380952	54.3571428571429	CCAACACGTGCATCCATGCAA	8.02380952380952	54.3571428571429
GTTGTTAACACCATTCCCGCG	8.02380952380952	54.3571428571429	CCAACACGTGCATCCATGCAA	8.02380952380952	54.3571428571429
GTTGTTAACACCATTCCCGCG	8.02380952380952	54.3571428571429	CCAACACGTGCATCCATGCAA	8.02380952380952	54.3571428571429
CATCAGAGGATTCGGAGATGG	8.02380952380952	54.3571428571429	CCAACACGTGCATCCATGCAA	8.02380952380952	54.3571428571429
GTTGTTAACACCATTCCCGCG	8.02380952380952	54.3571428571429	CCAACACGTGCATCCATGCAA	8.02380952380952	54.3571428571429
GTTGTTAACACCATTCCCGCG	8.02380952380952	54.3571428571429	CCAACACGTGCATCCATGCAA	8.02380952380952	54.3571428571429
CATCAGAGGATTCGGAGATGG	8.02380952380952	54.3571428571429	CCAACACGTGCATCCATGCAA	8.02380952380952	54.3571428571429
GTTGTTAACACCATTCCCGCG	8.02380952380952	54.3571428571429	CCAACACGTGCATCCATGCAA	8.02380952380952	54.3571428571429
GTTGTTAACACCATTCCCGCG	8.02380952380952	54.3571428571429	CCAACACGTGCATCCATGCAA	8.02380952380952	54.3571428571429
CATCAGAGGATTCGGAGATGG	8.02380952380952	54.3571428571429	CCAACACGTGCATCCATGCAA	8.02380952380952	54.3571428571429
GTTGTTAACACCATTCCCGCG	8.02380952380952	54.3571428571429	CCAACACGTGCATCCATGCAA	8.02380952380952	54.3571428571429
GTTGTTAACACCATTCCCGCG	8.02380952380952	54.3571428571429	CCAACACGTGCATCCATGCAA	8.02380952380952	54.3571428571429
GTTGTTAACACCATTCCCGCG	8.02380952380952	54.3571428571429	CCAACACGTGCATCCATGCAA	8.02380952380952	54.3571428571429
GTTGTTAACACCATTCCCGCG	8.02380952380952	54.3571428571429	CCAACACGTGCATCCATGCAA	8.02380952380952	54.3571428571429
GTTGTTAACACCATTCCCGCG	8.02380952380952	54.3571428571429	CCAACACGTGCATCCATGCAA	8.02380952380952	54.3571428571429
GTTGTTAACACCATTCCCGCG	8.02380952380952	54.3571428571429	CCAACACGTGCATCCATGCAA	8.02380952380952	54.3571428571429
GTTGTTAACACCATTCCCGCG	8.02380952380952	54.3571428571429	CCAACACGTGCATCCATGCAA	8.02380952380952	54.3571428571429
ACGACCTAGACGCCCTACAAA	8.02380952380952	54.3571428571429	CCAACACGTGCATCCATGCAA	8.02380952380952	54.3571428571429
GTTGTTAACACCATTCCCGCG	8.02380952380952	54.3571428571429	CCAACACGTGCATCCATGCAA	8.02380952380952	54.3571428571429
GTTGTTAACACCATTCCCGCG	8.02380952380952	54.3571428571429	CCAACACGTGCATCCATGCAA	8.02380952380952	54.3571428571429
ACGACCTAGACGCCCTACAAA	8.02380952380952	54.3571428571429	CCAACACGTGCATCCATGCAA	8.02380952380952	54.3571428571429
GTTGTTAACACCATTCCCGCG	8.02380952380952	54.3571428571429	CCAACACGTGCATCCATGCAA	8.02380952380952	54.3571428571429
GTTGTTAACACCATTCCCGCG	8.02380952380952	54.3571428571429	CCAACACGTGCATCCATGCAA	8.02380952380952	54.3571428571429
GTTGTTAACACCATTCCCGCG	8.02380952380952	54.3571428571429	CCAACACGTGCATCCATGCAA	8.02380952380952	54.3571428571429
GTTGTTAACACCATTCCCGCG	8.02380952380952	54.3571428571429	CCAACACGTGCATCCATGCAA	8.02380952380952	54.3571428571429
GTTGTTAACACCATTCCCGCG	8.02380952380952	54.3571428571429	CCAACACGTGCATCCATGCAA	8.02380952380952	54.3571428571429
GTTGTTAACACCATTCCCGCG	8.02380952380952	54.3571428571429	CCAACACGTGCATCCATGCAA	8.02380952380952	54.3571428571429
GTTGTTAACACCATTCCCGCG	8.02380952380952	54.3571428571429	CCAACACGTGCATCCATGCAA	8.02380952380952	54.3571428571429
GTTGTTAACACCATTCCCGCG	8.02380952380952	54.3571428571429	CCAACACGTGCATCCATGCAA	8.02380952380952	54.3571428571429
TGGTGTTCCAGCTCGTGTGTT	8.02380952380952	54.3571428571429	CCAACACGTGCATCCATGCAA	8.02380952380952	54.3571428571429
GTTGTTAACACCATTCCCGCG	8.02380952380952	54.3571428571429	CCAACACGTGCATCCATGCAA	8.02380952380952	54.3571428571429
GTTGTTAACACCATTCCCGCG	8.02380952380952	54.3571428571429	CCAACACGTGCATCCATGCAA	8.02380952380952	54.3571428571429
GTTGTTAACACCATTCCCGCG	8.02380952380952	54.3571428571429	CCAACACGTGCATCCATGCAA	8.02380952380952	54.3571428571429
ACGACCTAGACGCCCTACAAA	8.02380952380952	54.3571428571429	CCAACACGTGCATCCATGCAA	8.02380952380952	54.3571428571429
GTTGTTAACACCATTCCCGCG	8.02380952380952	54.3571428571429	CCAACACGTGCATCCATGCAA	8.02380952380952	54.3571428571429
GTTGTTAACACCATTCCCGCG	8.02380952380952	54.3571428571429	CCAACACGTGCATCCATGCAA	8.02380952380952	54.3571428571429
GTTGTTAACACCATTCCCGCG	8.02380952380952	54.3571428571429	CCAACACGTGCATCCATGCAA	8.02380952380952	54.3571428571429
GTTGTTAACACCATTCCCGCG	8.02380952380952	54.3571428571429	CCAACACGTGCATCCATGCAA	8.02380952380952	54.3571428571429
GTTGTTAACACCATTCCCGCG	8.02380952380952	54.3571428571429	CCAACACGTGCATCCATGCAA	8.02380952380952	54.3571428571429
GTTGTTAACACCATTCCCGCG	8.02380952380952	54.3571428571429	CCAACACGTGCATCCATGCAA	8.02380952380952	54.3571428571429
GTTGTTAACACCATTCCCGCG	8.02380952380952	54.3571428571429	CCAACACGTGCATCCATGCAA	8.02380952380952	54.3571428571429
GTTGTTAACACCATTCCCGCG	8.02380952380952	54.3571428571429	CCAACACGTGCATCCATGCAA	8.02380952380952	54.3571428571429
GTTGTTAACACCATTCCCGCG	8.02380952380952	54.3571428571429	CCAACACGTGCATCCATGCAA	8.02380952380952	54.3571428571429
GTTGTTAACACCATTCCCGCG	8.02380952380952	54.3571428571429	CCAACACGTGCATCCATGCAA	8.02380952380952	54.3571428571429
GTTGTTAACACCATTCCCGCG	8.02380952380952	54.3571428571429	CCAACACGTGCATCCATGCAA	8.02380952380952	54.3571428571429
GTTGTTAACACCATTCCCGCG	8.02380952380952	54.3571428571429	CCAACACGTGCATCCATGCAA	8.02380952380952	54.3571428571429
GTTGTTAACACCATTCCCGCG	8.02380952380952	54.3571428571429	CCAACACGTGCATCCATGCAA	8.02380952380952	54.3571428571429
GTTGTTAACACCATTCCCGCG	8.02380952380952	54.3571428571429	CCAACACGTGCATCCATGCAA	8.02380952380952	54.3571428571429
GTTGTTAACACCATTCCCGCG	8.02380952380952	54.3571428571429	CCAACACGTGCATCCATGCAA	8.02380952380952	54.3571428571429
GTTGTTAACACCATTCCCGCG	8.02380952380952	54.3571428571429	CCAACACGTGCATCCATGCAA	8.02380952380952	54.3571428571429
GTTGTTAACACCATTCCCGCG	8.02380952380952	54.3571428571429	CCAACACGTGCATCCATGCAA	8.02380952380952	54.3571428571429
GTTGTTAACACCATTCCCGCG	8.02380952380952	54.3571428571429	CCAACACGTGCATCCATGCAA	8.02380952380952	54.3571428571429
GTTGTTAACACCATTCCCGCG	8.02380952380952	54.3571428571429	CCAACACGTGCATCCATGCAA	8.02380952380952	54.3571428571429
GTTGTTAACACCATTCCCGCG	8.02380952380952	54.3571428571429	CCAACACGTGCATCCATGCAA	8.02380952380952	54.3571428571429
GTTGTTAACACCATTCCCGCG	8.02380952380952	54.3571428571429	CCAACACGTGCATCCATGCAA	8.02380952380952	54.3571428571429
GTTGTTAACACCATTCCCGCG	8.02380952380952	54.3571428571429	CCAACACGTGCATCCATGCAA	8.02380952380952	54.3571428571429
GTTGTTAACACCATTCCCGCG	8.02380952380952	54.3571428571429	CCAACACGTGCATCCATGCAA	8.02380952380952	54.3571428571429
GTTGTTAACACCATTCCCGCG	8.02380952380952	54.3571428571429	CCAACACGTGCATCCATGCAA	8.02380952380952	54.3571428571429
GTTGTTAACACCATTCCCGCG	8.02380952380952	54.3571428571429	CCAACACGTGCATCCATGCAA	8.02380952380952	54.3571428571429
GTTGTTAACACCATTCCCGCG	8.02380952380952	54.3571428571429	CCAACACGTGCATCCATGCAA	8.02380952380952	54.3571428571429
GTTGTTAACACCATTCCCGCG	8.02380952380952	54.3571428571429	CCAACACGTGCATCCATGCAA	8.02380952380952	54.3571428571429
GTTGTTAACACCATTCCCGCG	8.02380952380952	54.3571428571429	CCAACACGTGCATCCATGCAA	8.02380952380952	54.3571428571429
GTTGTTAACACCATTCCCGCG	8.02380952380952	54.3571428571429	CCAACACGTGCATCCATGCAA	8.02380952380952	54.3571428571429
GTTGTTAACACCATTCCCGCG	8.02380952380952	54.3571428571429	CCAACACGTGCATCCATGCAA	8.02380952380952	54.3571428571429
GTTGTTAACACCATTCCCGCG	8.02380952380952	54.3571428571429	CCAACACGTGCATCCATGCAA	8.02380952380952	54.3571428571429
GTTGTTAACACCATTCCCGCG	8.02380952380952	54.3571428571429	CCAACACGTGCATCCATGCAA	8.02380952380952	54.3571428571429
GTTGTTAACACCATTCCCGCG	8.02380952380952	54.3571428571429	CCAACACGTGCATCCATGCAA	8.02380952380952	54.3571428571429
GTTGTTAACACCATTCCCGCG	8.02380952380952	54.3571428571429	CCAACACGTGCATCCATGCAA	8.02380952380952	54.3571428571429
GTTGTTAACACCATTCCCGCG	8.02380952380952	54.3571428571429	CCAACACGTGCATCCATGCAA	8.02380952380952	54.3571428571429
GTTGTTAACACCATTCCCGCG	8.02380952380952	54.3571428571429	CCAACACGTGCATCCATGCAA	8.02380952380952	54.3571428571429
ATGAGGTCAACGAAGCAGGTC	8.02380952380952	54.3571428571429	CCAACACGTGCATCCATGCAA	8.02380952380952	54.3571428571429
