TCCAAGGGTGTTCACTTTGTT	16.6904761904762	50.452380952381	TCCAAGGGTGTTCACTTTGTT	16.6904761904762	50.452380952381
CGATACCGATACAAGCCTCAC	8.02380952380952	54.3571428571429	CGATACCGATACAAGCCTCAC	8.02380952380952	54.3571428571429
AAGCACAAGCTGATGAGTACG	9.97619047619047	52.4047619047619	CGATACCGATACAAGCCTCAC	8.02380952380952	54.3571428571429
AAGCACAAGCTGATGAGTACG	9.97619047619047	52.4047619047619	CGATACCGATACAAGCCTCAC	8.02380952380952	54.3571428571429
AAGCACAAGCTGATGAGTACG	9.97619047619047	52.4047619047619	CGATACCGATACAAGCCTCAC	8.02380952380952	54.3571428571429
AAGCACAAGCTGATGAGTACG	9.97619047619047	52.4047619047619	CGATACCGATACAAGCCTCAC	8.02380952380952	54.3571428571429
AAGCACAAGCTGATGAGTACG	9.97619047619047	52.4047619047619	CGATACCGATACAAGCCTCAC	8.02380952380952	54.3571428571429
TGGCCTTGAAGCCCCTTTTCT	8.02380952380952	54.3571428571429	CGATACCGATACAAGCCTCAC	8.02380952380952	54.3571428571429
CTCTCCAAGGGTGTTCACTTT	9.97619047619047	52.4047619047619	CGATACCGATACAAGCCTCAC	8.02380952380952	54.3571428571429
ACTAGCACTCTCCAAGGGTGT	8.02380952380952	54.3571428571429	CGATACCGATACAAGCCTCAC	8.02380952380952	54.3571428571429
AAGCACAAGCTGATGAGTACG	9.97619047619047	52.4047619047619	CGATACCGATACAAGCCTCAC	8.02380952380952	54.3571428571429
GTTGGCGTTGCACTTCTTGCT	9.02380952380952	54.3571428571429	CGATACCGATACAAGCCTCAC	8.02380952380952	54.3571428571429
AAGCACAAGCTGATGAGTACG	9.97619047619047	52.4047619047619	CGATACCGATACAAGCCTCAC	8.02380952380952	54.3571428571429
AAGCACAAGCTGATGAGTACG	9.97619047619047	52.4047619047619	CGATACCGATACAAGCCTCAC	8.02380952380952	54.3571428571429
AAGCACAAGCTGATGAGTACG	9.97619047619047	52.4047619047619	CGATACCGATACAAGCCTCAC	8.02380952380952	54.3571428571429
GAGATGGCAACTAGCACTCTC	8.02380952380952	54.3571428571429	CGATACCGATACAAGCCTCAC	8.02380952380952	54.3571428571429
GGCGTTGCACTTCTTGCTGTT	8.02380952380952	54.3571428571429	CGATACCGATACAAGCCTCAC	8.02380952380952	54.3571428571429
TACCGATACAAGCCTCACTCC	8.02380952380952	54.3571428571429	CGATACCGATACAAGCCTCAC	8.02380952380952	54.3571428571429
TGATGAACCGACGACGACTAC	9.02380952380952	54.3571428571429	CGATACCGATACAAGCCTCAC	8.02380952380952	54.3571428571429
TACCGATACAAGCCTCACTCC	8.02380952380952	54.3571428571429	CGATACCGATACAAGCCTCAC	8.02380952380952	54.3571428571429
CGATACAAGCCTCACTCCCTT	8.02380952380952	54.3571428571429	CGATACCGATACAAGCCTCAC	8.02380952380952	54.3571428571429
GAGATGGCAACTAGCACTCTC	8.02380952380952	54.3571428571429	CGATACCGATACAAGCCTCAC	8.02380952380952	54.3571428571429
GAGATGGCAACTAGCACTCTC	8.02380952380952	54.3571428571429	CGATACCGATACAAGCCTCAC	8.02380952380952	54.3571428571429
CACCTTTTGCTCGTTGCTGCT	8.02380952380952	54.3571428571429	CGATACCGATACAAGCCTCAC	8.02380952380952	54.3571428571429
GAGATGGCAACTAGCACTCTC	8.02380952380952	54.3571428571429	CGATACCGATACAAGCCTCAC	8.02380952380952	54.3571428571429
GAGATGGCAACTAGCACTCTC	8.02380952380952	54.3571428571429	CGATACCGATACAAGCCTCAC	8.02380952380952	54.3571428571429
GAGATGGCAACTAGCACTCTC	8.02380952380952	54.3571428571429	CGATACCGATACAAGCCTCAC	8.02380952380952	54.3571428571429
GAGATGGCAACTAGCACTCTC	8.02380952380952	54.3571428571429	CGATACCGATACAAGCCTCAC	8.02380952380952	54.3571428571429
GAGATGGCAACTAGCACTCTC	8.02380952380952	54.3571428571429	CGATACCGATACAAGCCTCAC	8.02380952380952	54.3571428571429
GAGATGGCAACTAGCACTCTC	8.02380952380952	54.3571428571429	CGATACCGATACAAGCCTCAC	8.02380952380952	54.3571428571429
GAGATGGCAACTAGCACTCTC	8.02380952380952	54.3571428571429	CGATACCGATACAAGCCTCAC	8.02380952380952	54.3571428571429
GAGATGGCAACTAGCACTCTC	8.02380952380952	54.3571428571429	CGATACCGATACAAGCCTCAC	8.02380952380952	54.3571428571429
GAGATGGCAACTAGCACTCTC	8.02380952380952	54.3571428571429	CGATACCGATACAAGCCTCAC	8.02380952380952	54.3571428571429
GAGATGGCAACTAGCACTCTC	8.02380952380952	54.3571428571429	CGATACCGATACAAGCCTCAC	8.02380952380952	54.3571428571429
GAGATGGCAACTAGCACTCTC	8.02380952380952	54.3571428571429	CGATACCGATACAAGCCTCAC	8.02380952380952	54.3571428571429
GAGATGGCAACTAGCACTCTC	8.02380952380952	54.3571428571429	CGATACCGATACAAGCCTCAC	8.02380952380952	54.3571428571429
GAGATGGCAACTAGCACTCTC	8.02380952380952	54.3571428571429	CGATACCGATACAAGCCTCAC	8.02380952380952	54.3571428571429
GAGATGGCAACTAGCACTCTC	8.02380952380952	54.3571428571429	CGATACCGATACAAGCCTCAC	8.02380952380952	54.3571428571429
GAGATGGCAACTAGCACTCTC	8.02380952380952	54.3571428571429	CGATACCGATACAAGCCTCAC	8.02380952380952	54.3571428571429
GAGATGGCAACTAGCACTCTC	8.02380952380952	54.3571428571429	CGATACCGATACAAGCCTCAC	8.02380952380952	54.3571428571429
GAGATGGCAACTAGCACTCTC	8.02380952380952	54.3571428571429	CGATACCGATACAAGCCTCAC	8.02380952380952	54.3571428571429
GAGATGGCAACTAGCACTCTC	8.02380952380952	54.3571428571429	CGATACCGATACAAGCCTCAC	8.02380952380952	54.3571428571429
GAGATGGCAACTAGCACTCTC	8.02380952380952	54.3571428571429	CGATACCGATACAAGCCTCAC	8.02380952380952	54.3571428571429
GAGATGGCAACTAGCACTCTC	8.02380952380952	54.3571428571429	CGATACCGATACAAGCCTCAC	8.02380952380952	54.3571428571429
GAGATGGCAACTAGCACTCTC	8.02380952380952	54.3571428571429	CGATACCGATACAAGCCTCAC	8.02380952380952	54.3571428571429
GAGATGGCAACTAGCACTCTC	8.02380952380952	54.3571428571429	CGATACCGATACAAGCCTCAC	8.02380952380952	54.3571428571429
GAGATGGCAACTAGCACTCTC	8.02380952380952	54.3571428571429	CGATACCGATACAAGCCTCAC	8.02380952380952	54.3571428571429
GAGATGGCAACTAGCACTCTC	8.02380952380952	54.3571428571429	CGATACCGATACAAGCCTCAC	8.02380952380952	54.3571428571429
GAGATGGCAACTAGCACTCTC	8.02380952380952	54.3571428571429	CGATACCGATACAAGCCTCAC	8.02380952380952	54.3571428571429
GAGATGGCAACTAGCACTCTC	8.02380952380952	54.3571428571429	CGATACCGATACAAGCCTCAC	8.02380952380952	54.3571428571429
GAGATGGCAACTAGCACTCTC	8.02380952380952	54.3571428571429	CGATACCGATACAAGCCTCAC	8.02380952380952	54.3571428571429
GAGATGGCAACTAGCACTCTC	8.02380952380952	54.3571428571429	CGATACCGATACAAGCCTCAC	8.02380952380952	54.3571428571429
CGCTACTGCAACGATACCGAT	8.02380952380952	54.3571428571429	CGATACCGATACAAGCCTCAC	8.02380952380952	54.3571428571429
GAGATGGCAACTAGCACTCTC	8.02380952380952	54.3571428571429	CGATACCGATACAAGCCTCAC	8.02380952380952	54.3571428571429
GAGATGGCAACTAGCACTCTC	8.02380952380952	54.3571428571429	CGATACCGATACAAGCCTCAC	8.02380952380952	54.3571428571429
GAGATGGCAACTAGCACTCTC	8.02380952380952	54.3571428571429	CGATACCGATACAAGCCTCAC	8.02380952380952	54.3571428571429
GAGATGGCAACTAGCACTCTC	8.02380952380952	54.3571428571429	CGATACCGATACAAGCCTCAC	8.02380952380952	54.3571428571429
CGCTACTGCAACGATACCGAT	8.02380952380952	54.3571428571429	CGATACCGATACAAGCCTCAC	8.02380952380952	54.3571428571429
GAGATGGCAACTAGCACTCTC	8.02380952380952	54.3571428571429	CGATACCGATACAAGCCTCAC	8.02380952380952	54.3571428571429
CGCTACTGCAACGATACCGAT	8.02380952380952	54.3571428571429	CGATACCGATACAAGCCTCAC	8.02380952380952	54.3571428571429
GAGATGGCAACTAGCACTCTC	8.02380952380952	54.3571428571429	CGATACCGATACAAGCCTCAC	8.02380952380952	54.3571428571429
GAGATGGCAACTAGCACTCTC	8.02380952380952	54.3571428571429	CGATACCGATACAAGCCTCAC	8.02380952380952	54.3571428571429
CGCTACTGCAACGATACCGAT	8.02380952380952	54.3571428571429	CGATACCGATACAAGCCTCAC	8.02380952380952	54.3571428571429
GAGATGGCAACTAGCACTCTC	8.02380952380952	54.3571428571429	CGATACCGATACAAGCCTCAC	8.02380952380952	54.3571428571429
CGCTACTGCAACGATACCGAT	8.02380952380952	54.3571428571429	CGATACCGATACAAGCCTCAC	8.02380952380952	54.3571428571429
CGCTACTGCAACGATACCGAT	8.02380952380952	54.3571428571429	CGATACCGATACAAGCCTCAC	8.02380952380952	54.3571428571429
GAGATGGCAACTAGCACTCTC	8.02380952380952	54.3571428571429	CGATACCGATACAAGCCTCAC	8.02380952380952	54.3571428571429
GAGATGGCAACTAGCACTCTC	8.02380952380952	54.3571428571429	CGATACCGATACAAGCCTCAC	8.02380952380952	54.3571428571429
GAGATGGCAACTAGCACTCTC	8.02380952380952	54.3571428571429	CGATACCGATACAAGCCTCAC	8.02380952380952	54.3571428571429
CGCTACTGCAACGATACCGAT	8.02380952380952	54.3571428571429	CGATACCGATACAAGCCTCAC	8.02380952380952	54.3571428571429
CGCTACTGCAACGATACCGAT	8.02380952380952	54.3571428571429	CGATACCGATACAAGCCTCAC	8.02380952380952	54.3571428571429
CGCTACTGCAACGATACCGAT	8.02380952380952	54.3571428571429	CGATACCGATACAAGCCTCAC	8.02380952380952	54.3571428571429
GAGATGGCAACTAGCACTCTC	8.02380952380952	54.3571428571429	CGATACCGATACAAGCCTCAC	8.02380952380952	54.3571428571429
CGCTACTGCAACGATACCGAT	8.02380952380952	54.3571428571429	CGATACCGATACAAGCCTCAC	8.02380952380952	54.3571428571429
CGCTACTGCAACGATACCGAT	8.02380952380952	54.3571428571429	CGATACCGATACAAGCCTCAC	8.02380952380952	54.3571428571429
GAGATGGCAACTAGCACTCTC	8.02380952380952	54.3571428571429	CGATACCGATACAAGCCTCAC	8.02380952380952	54.3571428571429
GAGATGGCAACTAGCACTCTC	8.02380952380952	54.3571428571429	CGATACCGATACAAGCCTCAC	8.02380952380952	54.3571428571429
CGCTACTGCAACGATACCGAT	8.02380952380952	54.3571428571429	CGATACCGATACAAGCCTCAC	8.02380952380952	54.3571428571429
GAGATGGCAACTAGCACTCTC	8.02380952380952	54.3571428571429	CGATACCGATACAAGCCTCAC	8.02380952380952	54.3571428571429
CGCTACTGCAACGATACCGAT	8.02380952380952	54.3571428571429	CGATACCGATACAAGCCTCAC	8.02380952380952	54.3571428571429
CGCTACTGCAACGATACCGAT	8.02380952380952	54.3571428571429	CGATACCGATACAAGCCTCAC	8.02380952380952	54.3571428571429
CGCTACTGCAACGATACCGAT	8.02380952380952	54.3571428571429	CGATACCGATACAAGCCTCAC	8.02380952380952	54.3571428571429
CGCTACTGCAACGATACCGAT	8.02380952380952	54.3571428571429	CGATACCGATACAAGCCTCAC	8.02380952380952	54.3571428571429
AGCACTCTCCAAGGGTGTTCA	8.02380952380952	54.3571428571429	CGATACCGATACAAGCCTCAC	8.02380952380952	54.3571428571429
CGCTACTGCAACGATACCGAT	8.02380952380952	54.3571428571429	CGATACCGATACAAGCCTCAC	8.02380952380952	54.3571428571429
CGCTACTGCAACGATACCGAT	8.02380952380952	54.3571428571429	CGATACCGATACAAGCCTCAC	8.02380952380952	54.3571428571429
CGCTACTGCAACGATACCGAT	8.02380952380952	54.3571428571429	CGATACCGATACAAGCCTCAC	8.02380952380952	54.3571428571429
CGCTACTGCAACGATACCGAT	8.02380952380952	54.3571428571429	CGATACCGATACAAGCCTCAC	8.02380952380952	54.3571428571429
CGCTACTGCAACGATACCGAT	8.02380952380952	54.3571428571429	CGATACCGATACAAGCCTCAC	8.02380952380952	54.3571428571429
CGCTACTGCAACGATACCGAT	8.02380952380952	54.3571428571429	CGATACCGATACAAGCCTCAC	8.02380952380952	54.3571428571429
CGCTACTGCAACGATACCGAT	8.02380952380952	54.3571428571429	CGATACCGATACAAGCCTCAC	8.02380952380952	54.3571428571429
CGCTACTGCAACGATACCGAT	8.02380952380952	54.3571428571429	CGATACCGATACAAGCCTCAC	8.02380952380952	54.3571428571429
CGCTACTGCAACGATACCGAT	8.02380952380952	54.3571428571429	CGATACCGATACAAGCCTCAC	8.02380952380952	54.3571428571429
CGCTACTGCAACGATACCGAT	8.02380952380952	54.3571428571429	CGATACCGATACAAGCCTCAC	8.02380952380952	54.3571428571429
CGCTACTGCAACGATACCGAT	8.02380952380952	54.3571428571429	CGATACCGATACAAGCCTCAC	8.02380952380952	54.3571428571429
CGCTACTGCAACGATACCGAT	8.02380952380952	54.3571428571429	CGATACCGATACAAGCCTCAC	8.02380952380952	54.3571428571429
CGCTACTGCAACGATACCGAT	8.02380952380952	54.3571428571429	CGATACCGATACAAGCCTCAC	8.02380952380952	54.3571428571429
CGCTACTGCAACGATACCGAT	8.02380952380952	54.3571428571429	CGATACCGATACAAGCCTCAC	8.02380952380952	54.3571428571429
CGCTACTGCAACGATACCGAT	8.02380952380952	54.3571428571429	CGATACCGATACAAGCCTCAC	8.02380952380952	54.3571428571429
CGCTACTGCAACGATACCGAT	8.02380952380952	54.3571428571429	CGATACCGATACAAGCCTCAC	8.02380952380952	54.3571428571429
